IP,ISP,Country,Region,Abuse Confidence Score
64.176.194.36,The Constant Company LLC,United States,New Jersey,69
104.234.204.32,Virtuo Holdings Inc,Canada,Quebec,100
104.207.139.139,Vultr Holdings LLC,United States,Illinois,66
54.206.45.15,Amazon.com Inc.,Australia,New South Wales,24
138.199.18.131,DataCamp Limited,Germany,Hessen,50
20.127.152.198,Microsoft Corporation,United States,Virginia,0
104.156.254.116,Vultr Holdings LLC,United States,Georgia,47
155.138.148.100,Vultr Holdings LLC,Canada,Ontario,52
92.118.39.240,Pptechnology Limited,Romania,Bucuresti,100
104.156.246.59,Vultr Holdings LLC,United States,Florida,54
45.77.115.1,Vultr Holdings LLC,United States,Florida,49
198.98.56.152,Frantech Solutions,United States,New York,46
149.28.108.15,Vultr Holdings LLC,United States,Florida,51
91.92.241.165,LIMENET,Netherlands,Noord-Holland,48
34.222.250.80,Amazon Technologies Inc.,United States,Oregon,62
108.61.218.19,Vultr Holdings LLC,United States,California,55
66.42.81.122,Vultr Holdings LLC,United States,Georgia,48
66.42.106.163,Vultr Holdings LLC,United States,California,48
173.244.49.60,LogicWeb,Taiwan,Taipei,11
176.125.229.144,M247 Europe SRL,Montenegro,Podgorica,36
162.158.111.29,CloudFlare Inc.,Germany,Hessen,0
172.68.110.254,CloudFlare Inc.,Germany,Bayern,0
86.106.74.253,M247 Europe SRL,Hungary,Budapest,47
103.141.47.225,PT. Naksyabandia Sejati,Indonesia,Jawa Barat,100
106.75.175.181,Shanghai UCloud Information Technology Company Limited,China,Shanghai,100
84.239.40.207,Invite Systems SRL,Romania,Bucuresti,26
191.96.168.46,Cyber Assets Fzco,Netherlands,Noord-Holland,22
106.75.166.204,Shanghai UCloud Information Technology Company Limited,China,Shanghai,100
106.75.165.113,Shanghai UCloud Information Technology Company Limited,China,Shanghai,100
106.75.173.226,Shanghai UCloud Information Technology Company Limited,China,Shanghai,100
45.76.30.68,Vultr Holdings LLC,United States,Illinois,50
193.143.1.119,Proton66 OOO,Russian Federation,Sankt-Peterburg,100
179.43.188.122,Private Layer Inc,Switzerland,Zurich,100
37.46.115.52,AltusHost B.V.,Serbia,Beograd,35
95.216.173.28,Hetzner Online GmbH,Finland,Uusimaa,98
45.148.10.232,Pptechnology Limited,Romania,Bucuresti,100
78.153.140.179,LLC Company Interlan Communications,United Kingdom of Great Britain and Northern Ireland,England,100
45.148.10.174,Pptechnology Limited,Romania,Bucuresti,100
104.47.71.254,Microsoft Corporation,Australia,Victoria,0
185.156.72.30,IP Khnykin Vitaliy Yakovlevich,Belgium,Brussels Hoofdstedelijk Gewest,100
106.75.174.148,Shanghai UCloud Information Technology Company Limited,China,Shanghai,100
78.153.140.177,LLC Company Interlan Communications,United Kingdom of Great Britain and Northern Ireland,England,100
106.75.36.29,Shanghai UCloud Information Technology Company Limited,China,Shanghai,100
106.75.152.66,Shanghai UCloud Information Technology Company Limited,China,Shanghai,100
106.75.137.241,Shanghai UCloud Information Technology Company Limited,China,Shanghai,100
106.75.173.108,Shanghai UCloud Information Technology Company Limited,China,Shanghai,100
106.75.134.172,Shanghai UCloud Information Technology Company Limited,China,Shanghai,100
103.14.214.13,APC Hosting Pte Ltd,Singapore,Singapore,34
185.118.166.155,PDK LLC,Russian Federation,Chelyabinskaya oblast',75
167.99.8.183,DigitalOcean LLC,United States,New Jersey,54
91.206.14.186,OOO Network of Data-Centers Selectel,Russian Federation,Sankt-Peterburg,67
176.57.214.128,TimeWeb Ltd.,Russian Federation,Sankt-Peterburg,29
79.137.248.15,Aeza International LTD,Finland,Uusimaa,100
198.57.247.251,Unified Layer,United States,Utah,49
104.248.159.240,DigitalOcean LLC,Singapore,Singapore,80
5.42.64.25,LetHost LLC,France,Ile-de-France,100
188.127.239.141,LLC Smart Ape,LLC Smart Ape,Moskva,58
69.16.239.20,Liquid Web L.L.C,United States,Michigan,38
194.195.84.108,Hostinger International Limited,United States,Arizona,33
193.233.233.120,Aeza International LTD,Austria,Wien,100
106.75.133.175,Shanghai UCloud Information Technology Company Limited,China,Shanghai,100
23.26.220.24,Secfirewallas,India,Delhi,100
34.78.6.216,Google LLC,Belgium,Brussels Hoofdstedelijk,100
156.146.55.173,DataCamp Limited,Bulgaria,Sofia (stolitsa),24
51.89.55.199,OVH SAS,Germany,Hessen,100
58.211.23.183,ChinaNet Jiangsu Province Network,China,Jiangsu,58
107.181.184.180,Performive LLC,United States,Arizona,8
185.93.3.105,DataCamp s.r.o.,Spain,Madrid,30
51.222.44.176,OVH Hosting Inc.,Canada,Quebec,100
45.133.173.99,Internet Utilities Europe and Asia Limited,United Kingdom of Great Britain and Northern Ireland,England,20
181.214.173.94,Cyber Assets Fzco,Germany,Berlin,25
167.114.113.229,OVH Hosting Inc.,Canada,Quebec,100
194.32.122.20,CyberGhost SRL,Lithuania,Vilniaus apskritis,45
85.120.244.156,SC Opticom Consulting SRL,Romania,Cluj,100
109.205.46.4,Assigned to GTU,Georgia,Tbilisi,100
212.38.40.210,A2A Smart City S.P.A,Italy,Lombardia,100
156.146.55.176,DataCamp Limited,Bulgaria,Sofia (stolitsa),60
149.88.26.90,DataCamp Limited,Israel,Tel Aviv,9
122.201.124.71,Vodien Australia Pty Ltd,Australia,New South Wales,100
8.218.79.110,Alibaba Cloud (Singapore) Private Limited,Hong Kong,Hong Kong,100
47.90.99.141,AliCloud,Hong Kong,Hong Kong,100
213.136.93.171,Contabo GmbH,Germany,Rheinland-Pfalz,100
152.42.172.246,DigitalOcean LLC,Singapore,Singapore,100
139.59.147.218,DigitalOcean LLC,Germany,Hessen,100
